,text,sentiment,perturbed_text,perturbed_semantic_sim,pred_label,pred_proba,perturbed_label,perturbed_proba,translated_word(s),running_time(s),before_attack_acc,after_attack_acc,avg_semantic_sim,avg_running_time(s)
0,"meski masa kampanye sudah selesai , bukan berati habis pula upaya mengerek tingkat kedipilihan elektabilitas .",1,"meski masa kampanye sudah selesai , bukan berati habis pula upaya mengerek tingkat kedipilihan elektabilitas .",1.0,2,[0.0838 0.3067 0.6095],2,[0.0838 0.3067 0.6095],,0.01,0.93,0.85,0.8597173595428467,1.814015
1,tidak enak,2,tidak nice,0.5409586429595947,2,[0.0011 0.001  0.9979],2,[0.0019 0.001  0.9971],{'enak': 'nice'},0.7406,,,,
2,"restoran ini menawarkan makanan sunda . kami memesan ayam goreng , kangkung , sayur asam , ikan gurame goreng , ikan bakar , nasi goreng , karedok , tahu tempe , nasi putih , nasi merah etc minuman yang mereka tawarkan juga cukup variatif . rasa makanan enak dan harga murah . kami 9 dewasa dan 5 anak kecil , hanya menghabiskan 800,000",0,restaurant ini menawarkan food sunda kami memesan ayam fry Kale vegetable sour ikan gurame fry ikan burn nasi fry karedok tahu tempe nasi putih nasi red etc drink yang mereka tawarkan juga cukup variative rasa food nice dan price inexpensive kami 9 mature dan 5 anak kecil hanya menghabiskan,0.823257327079773,0,[0.989  0.0089 0.0021],0,[0.9654 0.0226 0.0121],"{'enak': 'nice', 'makanan': 'food', 'variatif': 'variative', 'harga': 'price', 'restoran': 'restaurant', 'dewasa': 'mature', 'minuman': 'drink', 'asam': 'sour', 'goreng': 'fry', 'kangkung': 'Kale', 'merah': 'red', 'sayur': 'vegetable', 'murah': 'inexpensive', 'bakar': 'burn'}",4.2017,,,,
3,"lokasi di alun alun masakan padang ini cukup terkenal dengan kepala ikan kakap gule , biasa saya pesan nasi bungkus padang berisikan rendang , ayam pop dan perkedel . porsi banyak dan mengenyangkan",0,location di alun alun masakan field ini cukup famous dengan kepala ikan kakap gule biasa saya pesan nasi bungkus field berisikan rendang ayam pop dan cakes portion banyak dan filling,0.8629807233810425,0,[0.9835 0.0139 0.0025],0,[9.933e-01 6.000e-03 7.000e-04],"{'mengenyangkan': 'filling', 'gule': 'gule', 'lokasi': 'location', 'perkedel': 'cakes', 'terkenal': 'famous', 'padang': 'field', 'porsi': 'portion', 'rendang': 'rendang'}",2.0154,,,,
4,"betapa bejad kader gerindra yang anggota dprd mencabuli anak smp , rakyat harus cerdas partai mana yang harus di tengelamkan di 2019",2,betapa depraved cadre gerindra yang anggota dprd molested child smp rakyat harus cerdas party mana yang harus di tengelamkan di 2019,0.8243248462677002,2,[0.1857 0.2457 0.5686],2,[0.1607 0.1407 0.6986],"{'bejad': 'depraved', 'partai': 'party', 'mencabuli': 'molested', 'kader': 'cadre', 'anak': 'child'}",1.3516,,,,
5,"kampiun bistro berada di jalan . kebon kawung , sebelah kanan seberang stasiun kota bandung . harga makanan dan minuman nya sangat terjangkau . ada live musik juga . dan kalau beruntung , anda akan bertemu dengan yuke dewa19 di tempat ini .",0,champion bistro berada di jalan kebon kawung adjacent kanan seberang stasiun kota Bandung price makanan dan minuman his sangat affordable ada live music juga dan kalau beruntung anda akan bertemu dengan yuke dewa19 di tempat ini,0.8893358111381531,0,[9.895e-01 9.700e-03 8.000e-04],0,[9.969e-01 2.600e-03 5.000e-04],"{'musik': 'music', 'nya': 'his', 'bandung': 'Bandung', 'kampiun': 'champion', 'harga': 'price', 'terjangkau': 'affordable', 'bistro': 'bistro', 'sebelah': 'adjacent'}",2.5034,,,,
6,kamar nya sempit tidak ada tempat menyimpan barang malah menambah barang . by the way ini kipas2 mau diletakkan mana . mana uchiwa segede ini pula .,2,room nya narrow tidak ada tempat menyimpan goods malah menambah goods by the way ini kipas2 mau diletakkan mana mana uchiwa segede ini pula,0.912295401096344,2,[0.0259 0.0054 0.9687],2,[0.1308 0.007  0.8622],"{'sempit': 'narrow', 'kamar': 'room', 'uchiwa': 'uchiwa', 'by': 'by', 'barang': 'goods'}",2.3082,,,,
7,"saya tadi mampir ke restauran ini , mungkin letak nya strategis , pertama masuk dikasih senyuman manis sama mbak yang ramah , di situ pun saya memesan chiken grill , es thai tea dan super duper ice cream . enak . saya suka .",0,saya tadi mampir ke restaurant ini mungkin letak his strategic pertama masuk dikasih senyuman manis sama mbak yang friendly di situ pun saya memesan chicken grill es thai tea dan super duper ice cream nice saya like,0.9044436812400818,0,[0.9923 0.0067 0.001 ],0,[0.9958 0.003  0.0012],"{'suka': 'like', 'enak': 'nice', 'super': 'super', 'strategis': 'strategic', 'duper': 'duper', 'ramah': 'friendly', 'restauran': 'restaurant', 'nya': 'his', 'chiken': 'chicken'}",2.4171,,,,
8,jangan percaya dengan agama buddha . agama itu saja tidak punya tuhan . agama sesat itu .,2,jangan percaya dengan agama buddha agama itu saja tidak punya lord agama perverted itu,0.9395997524261475,2,[8.00e-04 1.20e-03 9.98e-01],2,[0.0012 0.0016 0.9972],"{'sesat': 'perverted', 'tuhan': 'lord'}",0.6355,,,,
9,kafe ini menawarkan sesuatu hal yang sebelumnya saya tak suka tapi akhirnya saya bisa rekomendasi karena enak rasanya yaitu terong goreng ! di sini saya baru bisa menikmati terong yang diolah sehingga terasa lezat :,0,kafe ini menawarkan sesuatu hal yang sebelumnya saya tak suka tapi akhirnya saya bisa recommendation karena nice rasanya yaitu terong fry di sini saya baru bisa menikmati terong yang diolah sehingga terasa delicious,0.9308577179908752,0,[9.978e-01 1.400e-03 8.000e-04],0,[0.9968 0.0015 0.0017],"{'lezat': 'delicious', 'goreng': 'fry', 'enak': 'nice', 'rekomendasi': 'recommendation'}",1.343,,,,
10,yusri seorang ibu yang tidak tahu diri . sudah tidak punya uang mebel lagi . melihat muka ibu dikaca . sudah dibantu tidak terima kasih . dasar maling .,2,yusri seorang ibu yang tidak tahu diri sudah tidak punya uang mebel lagi melihat advance ibu dikaca sudah dibantu tidak accept kasih base thief,0.9352283477783203,2,[9.000e-04 2.300e-03 9.967e-01],2,[0.0091 0.0475 0.9433],"{'maling': 'thief', 'dasar': 'base', 'terima': 'accept', 'muka': 'advance'}",1.1574,,,,
11,menemukan bocah-bocah sampai yang komentar di yutub pakai kata-kata kotor begitu . yang mengajarkan siapa dah ? sedih :,2,menemukan sampai yang comment di yutub pakai dirty begitu yang mengajarkan siapa dah sad,0.7728813886642456,2,[0.0012 0.0022 0.9966],2,[0.009  0.1198 0.8712],"{'kotor': 'dirty', 'sedih': 'sad', 'komentar': 'comment'}",1.0096,,,,
12,indomaret adalah penjahat anyar dalam dunia perdagangan,2,indomaret adalah penjahat anyar dalam world perdagangan,0.8735123872756958,2,[7.000e-04 1.590e-02 9.834e-01],1,[0.0032 0.5816 0.4151],{'dunia': 'world'},0.6238,,,,
13,"malah .. !!! tren si tukang fitnah bicara iman , dasar akun sapi yang takut kehilangan kursi cawapres prabowo makanya busukkan nama ahy dan say",2,malah tren si craftsman slander bicara iman base akun cow yang afraid kehilangan kursi cawapres prabowo makanya rot nama ahy dan say,0.781631588935852,2,[0.0019 0.0143 0.9838],1,[0.0304 0.6629 0.3067],"{'busukkan': 'rot', 'fitnah': 'slander', 'dasar': 'base', 'sapi': 'cow', 'tukang': 'craftsman', 'say': 'say', 'takut': 'afraid'}",2.5213,,,,
14,"tahun 2018 , bri ingin akuisisi 2 bank cilik",1,tahun 2018 bri ingin acquisition 2 bank little,0.8065966367721558,1,[3.10e-03 9.96e-01 9.00e-04],1,[6.400e-03 9.928e-01 9.000e-04],"{'akuisisi': 'acquisition', 'cilik': 'little'}",0.8588,,,,
15,pilihan bakso nya sangat beragam dan kelebihan nya adalah kita bebas memilih jenis dan jumlah bakso yang kita inginkan,0,choice meatball his sangat beragam dan excess his adalah kita bebas memilih jenis dan jumlah meatball yang kita inginkan,0.6062171459197998,0,[9.962e-01 2.900e-03 9.000e-04],0,[0.9921 0.0066 0.0013],"{'nya': 'his', 'kelebihan': 'excess', 'bakso': 'meatball', 'pilihan': 'choice'}",1.2648,,,,
16,"dulu mau modalin , sediakan tempat , dan carikan pembeli . kok sekarang sindir warga zaman now bergantung pada pemerintah . tidak jelas banget .",2,dulu mau modalin sediakan tempat dan swatch pembeli kok sekarang quip warga zaman now bergantung pada government tidak jelas very,0.8752275109291077,2,[0.0054 0.0173 0.9772],2,[0.003  0.0029 0.9941],"{'sindir': 'quip', 'banget': 'very', 'carikan': 'swatch', 'pemerintah': 'government'}",1.4881,,,,
17,"tempa nya sangat memanjakan pengunjung . dengan suasana pedesaan , banyak nya pohon-pohon menambang kesejukan di tempat ini . tapi , pengunjung memang harus siap dengan harga makanan dan minuman yang diperjualbelikan di sini",0,forging nya sangat pamper pengunjung dengan suasana rural banyak nya mine coolness di tempat ini tapi pengunjung memang harus siap dengan harga makanan dan minuman yang diperjualbelikan di sini,0.9342793226242065,0,[0.9931 0.0035 0.0034],0,[0.9812 0.002  0.0169],"{'kesejukan': 'coolness', 'tempa': 'forging', 'memanjakan': 'pamper', 'pedesaan': 'rural', 'menambang': 'mine'}",1.3628,,,,
18,"musnahkan lgbt , gay , homo , dan lesbian dari muka bumi ini . ancaman terbesar untuk umat manusia dibumi . jika dibiarkan manusia akan punah .",2,destroy lgbt gay homo dan lesbian dari advance bumi ini ancaman terbesar untuk umat man dibumi jika dibiarkan man akan extinct,0.8755190372467041,2,[0.0082 0.0369 0.955 ],2,[0.0019 0.0304 0.9678],"{'punah': 'extinct', 'muka': 'advance', 'gay': 'gay', 'musnahkan': 'destroy', 'homo': 'homo', 'manusia': 'man'}",1.623,,,,
19,"banyak pilihan menu khas bakso , bakso rawit dan bakso granat yang pedas , dan sop iga nya mantap , dengan banyak pilihan minuman , yang saya suka adalah rainbow jely",0,banyak pilihan menu typical bakso bakso rawit dan bakso grenade yang pedas dan soup iga his steady dengan banyak pilihan minuman yang saya like adalah rainbow jelly,0.8248123526573181,0,[9.976e-01 1.800e-03 6.000e-04],0,[9.967e-01 2.500e-03 7.000e-04],"{'jely': 'jelly', 'granat': 'grenade', 'suka': 'like', 'nya': 'his', 'mantap': 'steady', 'khas': 'typical', 'sop': 'soup'}",2.795,,,,
20,"piring kaleng , gelas kaleng , makanan rumahan , es cincau , dan yang terpenting , cumi masak hitam yang tak terkalahkan oleh rumah makan di mana pun . makan ala prasmanan dengan pilihan nasi merah yang cocok bagi pelaku diet , barisan lauk pauk yang bisa kita pilih semau nya , pilihan sambal dan lalapan yang bisa diambil sebanyak kita mau , dan harga yang sangat ramah kantong .",0,piring kaleng glass kaleng makanan rumahan ice grass jelly dan yang terpenting cumi masak hitam yang tak defeated oleh rumah eat di mana pun eat ala prasmanan dengan pilihan nasi merah yang suitable bagi pelaku diet barisan lauk pauk yang bisa kita pilih at will nya pilihan sambal dan fresh vegetables yang bisa diambil sebanyak kita mau dan price yang sangat friendly pocket,0.9149878621101379,0,[0.9965 0.0023 0.0012],0,[0.9938 0.0034 0.0028],"{'kantong': 'pocket', 'harga': 'price', 'cincau': 'grass jelly', 'pauk': 'pauk', 'ramah': 'friendly', 'terkalahkan': 'defeated', 'semau': 'at will', 'lalapan': 'fresh vegetables', 'diet': 'diet', 'es': 'ice', 'cocok': 'suitable', 'gelas': 'glass', 'ala': 'ala', 'makan': 'eat'}",4.269,,,,
21,"pertama datang ke sini karena rekomendasi dari medsos . tertarik melihat minuman dengan aromanis diatas nya dan kue cantik lainnya . tempat nya di lantai 3 mayfair building . jangan sampai kelewat ya , karena pertama ke sana cukup kesulitan . begitu masuk ke tempat nya kata yang terlintas adalah manis . mulai dari dekorasi dan konsep yang diterapkan sampai menu makanan nya .",0,pertama datang ke sini karena recommendation dari medsos tertarik melihat minuman dengan aromatic diatas his dan kue beautiful lainnya tempat his di floor 3 mayfair building jangan sampai too ya karena pertama ke sana cukup kesulitan begitu masuk ke tempat his kata yang terlintas adalah sweet mulai dari dekorasi dan draft yang diterapkan sampai menu makanan his,0.8707863688468933,0,[0.9836 0.008  0.0084],0,[0.9636 0.0104 0.026 ],"{'kelewat': 'too', 'aromanis': 'aromatic', 'nya': 'his', 'mayfair': 'mayfair', 'manis': 'sweet', 'lantai': 'floor', 'rekomendasi': 'recommendation', 'konsep': 'draft', 'cantik': 'beautiful'}",3.7556,,,,
22,senang nya pakai kartu,0,senang nya pakai card,0.8029080033302307,0,[0.9934 0.0051 0.0015],0,[0.9934 0.005  0.0015],{'kartu': 'card'},0.3386,,,,
23,trans corp kembali berniat membuka transmart,1,trans corp kembali intend membuka transmart,0.8809405565261841,1,[0.0021 0.9968 0.0011],1,[2.30e-03 9.97e-01 6.00e-04],"{'berniat': 'intend', 'transmart': 'transmart'}",0.6101,,,,
24,: kalau subscriber youtube netmediatama mencapai 1 juta .,1,kalau subscribers youtube netmediatama mencapai 1 million,0.7744282484054565,1,[0.0206 0.9741 0.0053],1,[0.0082 0.9879 0.0038],"{'subscriber': 'subscribers', 'juta': 'million'}",0.632,,,,
25,gue bingung sama pemerintahan jokowi . banyak orang yang muji dia padahal dia cuma bisa merusak negara kita saja . aneh,2,gue confused sama pemerintahan jokowi banyak orang yang muji dia padahal dia cuma bisa damage negara kita saja strange,0.9273715019226074,2,[9.000e-04 1.600e-03 9.975e-01],2,[0.0178 0.0021 0.9801],"{'aneh': 'strange', 'bingung': 'confused', 'merusak': 'damage'}",0.6785,,,,
26,"kalau melihat desain nya pixel 3 sih biasa saja , tapi iklan nya ini bagus banget sampai bikin barang nya jadi terlihat wah banget",0,kalau melihat design his pixel 3 sih biasa saja tapi iklan his ini bagus very sampai make barang his jadi terlihat wah very,0.7699258923530579,0,[0.9818 0.002  0.0162],0,[0.9501 0.0033 0.0466],"{'banget': 'very', 'bikin': 'make', 'nya': 'his', 'desain': 'design'}",0.995,,,,
27,"menu-menu tradisional sunda dengan tempat dan wadah yang unik makanan nya banyak ragam minuman dan makanan khas sunda yang jarang dijumpai di luar , ternyata ada di sini .",0,traditional sunda dengan tempat dan wadah yang unique makanan his banyak ragam minuman dan makanan typical sunda yang seldom dijumpai di luar ternyata ada di sini,0.863844096660614,0,[9.965e-01 2.700e-03 8.000e-04],0,[9.925e-01 6.700e-03 8.000e-04],"{'nya': 'his', 'unik': 'unique', 'jarang': 'seldom', 'tradisional': 'traditional', 'khas': 'typical'}",1.4631,,,,
28,"ampera benhil . pegawai judes , banyak asap rokok , kotor . ini cabang ampera yang paling mengecewakan .",2,ampera benhil employee bitchy banyak asap rokok dirty ini cabang ampera yang paling disappointing,0.590337872505188,2,[0.0025 0.0027 0.9949],1,[0.0591 0.9372 0.0037],"{'mengecewakan': 'disappointing', 'pegawai': 'employee', 'judes': 'bitchy', 'kotor': 'dirty'}",1.0346,,,,
29,salut,0,salute,0.5821757912635803,0,[0.9964 0.002  0.0016],0,[0.9959 0.0021 0.002 ],{'salut': 'salute'},0.877,,,,
30,"makanan nya enak , porsi nya lumayan banyak , suasana nya juga enak , di tengah nya ada taman dan bergaya zaman dulu , pada waktu datang dikasih roti untuk makanan pembuka",0,food his nice porsi his lumayan banyak suasana his juga nice di tengah his ada taman dan stylish zaman dulu pada waktu datang dikasih roti untuk food opener,0.7267714738845825,0,[0.9976 0.0012 0.0012],0,[0.9969 0.0021 0.001 ],"{'pembuka': 'opener', 'enak': 'nice', 'nya': 'his', 'makanan': 'food', 'bergaya': 'stylish'}",1.7291,,,,
31,sangat tidak profesional institusi . hanya membuat kecewa dan sangat tidak rapi anda bermain . kalau mau main rapi jangan ada kotor sedikit pun,2,sangat tidak professional institution hanya membuat disappointed dan sangat tidak rapi anda bermain kalau mau main rapi jangan ada kotor sedikit pun,0.9435569643974304,2,[3.100e-03 7.000e-04 9.962e-01],2,[0.0052 0.0012 0.9936],"{'profesional': 'professional', 'institusi': 'institution', 'kecewa': 'disappointed'}",0.6882,,,,
32,"sejak jokwi naik jadi presiden , simbol-simbol pki tumbuh subur tanpa henti seolah tak ada pihak yang berdaya memberangus hal tersebut . selaku presiden , omongan gebuk pki tak lebih hanya pembohongan publik",2,"sejak jokwi naik jadi presiden , simbol-simbol pki tumbuh subur tanpa henti seolah tak ada pihak yang berdaya memberangus hal tersebut . selaku presiden , omongan gebuk pki tak lebih hanya pembohongan publik",1.0,1,[0.2412 0.4261 0.3327],1,[0.2412 0.4261 0.3327],,0.01,,,,
33,"demo , inilah permintaan nelayan pamekasan kepada menteri susi",1,demo inilah request nelayan pamekasan kepada menteri susi,0.8362559676170349,1,[0.0015 0.9975 0.001 ],1,[1.500e-03 9.976e-01 9.000e-04],"{'demo': 'demo', 'permintaan': 'request'}",0.4903,,,,
34,"swiss hormone mengembalikan bentuk brast plus boolat , merapatkan misi v plus wangi sekali smilingfacewithheart - eyes smilingfacewithheart - eyes smilingfacewithheart - eyes .",0,swiss hormone mengembalikan bentuk brast plus boolat merapatkan misi v plus wangi sekali smilingfacewithheart eyes smilingfacewithheart eyes smilingfacewithheart eyes,1.0,0,[0.8257 0.1526 0.0217],0,[0.9745 0.0179 0.0076],"{'smilingfacewithheart': 'smilingfacewithheart', 'plus': 'plus', 'eyes': 'eyes'}",3.6946,,,,
35,"resto nya bikin kangen . suasana nya enak terutama live music nya suka ramai begitu atau lagu oma oppa tempo dulu , enak banget , makanan nya juga enak-enak , harga tidak mahal , puas dan sudah ketiga kalinya ke sini",0,restaurant his bikin kangen suasana his nice terutama live music his suka ramai begitu atau lagu grandma oppa tempo dulu nice very makanan his juga price tidak expensive puas dan sudah ketiga kalinya ke sini,0.8047042489051819,0,[9.983e-01 9.000e-04 8.000e-04],0,[0.9259 0.0024 0.0717],"{'mahal': 'expensive', 'oma': 'grandma', 'enak': 'nice', 'harga': 'price', 'resto': 'restaurant', 'nya': 'his', 'live': 'live', 'tempo': 'tempo', 'banget': 'very'}",3.2616,,,,
36,sudah satu bulan ini dia magang di google indonesia .,1,sudah satu bulan ini dia magang di google Indonesia,1.0,1,[0.0014 0.9966 0.002 ],1,[0.0014 0.9966 0.002 ],{'indonesia': 'Indonesia'},0.4998,,,,
37,"makan mi di sini bikin ketagihan , mienyabeda dengan tempat makan mi yang lain . yang paling gila pedes nya , tidak berani pakai sambal lagi tidak kuat pedas .",0,eat mi di sini make addicted the noodles are different dengan tempat eat mi yang lain yang paling gila spicy nya tidak berani use sambal lagi tidak kuat pedas,0.8157592415809631,0,[0.8202 0.0095 0.1703],2,[0.0216 0.0015 0.9769],"{'ketagihan': 'addicted', 'bikin': 'make', 'mienyabeda': 'the noodles are different', 'pedes': 'spicy', 'pakai': 'use', 'makan': 'eat'}",3.2041,,,,
38,"kemarin saya ke gym yang di daerah kalibata . awal nya mau work out biar bisa membakar lemak . eh di luar ekspektasi , tempat nya ternyata tidak nyaman .",2,kemarin saya ke gym yang di daerah kalibata awal nya mau work out biar bisa membakar fat uh di luar ekspektasi tempat nya ternyata tidak comfortable,0.9629543423652649,2,[0.0022 0.002  0.9958],2,[0.014  0.0047 0.9813],"{'nyaman': 'comfortable', 'eh': 'uh', 'out': 'out', 'lemak': 'fat', 'kalibata': 'kalibata'}",1.5431,,,,
39,"menu warkop , tempat gaul . paling enak ke sini pagi hari masih sepi . kalau siang - malam ramai bingitzzxz . cocok untuk anak baru besar atau remaja . buat bincang bisnis tidak cocok tetlalu ramai . kopi nya gayo arabica mantap , sayang tidak ada manual brew . semuanya pakai expresso mesin . buat kawula muda cocoklah",0,menu warkop tempat gaul paling nice ke sini pagi hari masih sepi kalau siang malam ramai bingitzzxz suitable untuk child baru besar atau remaja buat talk bisnis tidak suitable too long ramai kopi nya gayo arabica steady sayang tidak ada manual brew semuanya pakai expresso mesin buat me muda match,0.923697292804718,0,[0.9742 0.0121 0.0137],0,[0.992  0.0028 0.0052],"{'bingitzzxz': 'bingitzzxz', 'cocoklah': 'match', 'cocok': 'suitable', 'enak': 'nice', 'kawula': 'me', 'anak': 'child', 'bincang': 'talk', 'expresso': 'expresso', 'mantap': 'steady', 'tetlalu': 'too long', 'manual': 'manual', 'arabica': 'arabica'}",2.2854,,,,
40,"resto ini desain interior nya cukup menawan . penataan nya cukup serasi . layanan nya cukup baik dan cepat saji . tersedia berbagai menu seperti ayam goreng , bubur ayam , cheeseburger , egg burger , fish fillet burger dan sebagai nya . ayam goreng rasanya gurih , renyah dan nikmat . bubur ayam nya terasa sangat nikmat . cheeseburger sangat terasa rasa keju nya . rata-rata masakan nya nikmat .",0,restaurant ini desain interior his cukup menawan penataan his cukup serasi layanan his cukup baik dan fast saji tersedia berbagai menu seperti chicken fry bubur chicken cheeseburger egg burger fish fillet burger dan sebagai his chicken fry rasanya tasty renyah dan enjoyment bubur chicken his terasa sangat enjoyment cheeseburger sangat terasa rasa cheese his masakan his enjoyment,0.6096289157867432,0,[9.979e-01 1.300e-03 8.000e-04],0,[0.9967 0.0016 0.0017],"{'nikmat': 'enjoyment', 'egg': 'egg', 'cheeseburger': 'cheeseburger', 'fillet': 'fillet', 'nya': 'his', 'keju': 'cheese', 'resto': 'restaurant', 'goreng': 'fry', 'gurih': 'tasty', 'menu': 'menu', 'ayam': 'chicken', 'cepat': 'fast'}",7.7419,,,,
41,"menu bubur untuk sarapan pagi favorit semua orang . porsi cukup , tidak terlalu besar , tidak terlalu sedikit . bubur ayam lokal yang cukup untuk mengganjal perut di pagi hari .",0,menu porridge untuk sarapan morning favorite semua orang porsi cukup tidak terlalu besar tidak terlalu sedikit porridge ayam local yang cukup untuk mengganjal perut di morning hari,0.8280556201934814,0,[0.9856 0.0125 0.0019],0,[0.997  0.0019 0.001 ],"{'favorit': 'favorite', 'lokal': 'local', 'pagi': 'morning', 'bubur': 'porridge'}",1.6482,,,,
42,"makanan nya semuanya enak banget , favorit nya nachos dan salad 90 gourmet , sushi nya juga enak , suasana nya nyaman untuk berdua atau kumpul keluarga , selalu jadi pilihan kalau lagi ingin makanan jepang atau korea .",0,makanan his semuanya nice banget favorit his nachos dan salad 90 gourmet sushi his juga nice suasana his comfortable untuk berdua atau kumpul keluarga selalu jadi choice kalau lagi ingin makanan jepang atau Korea,0.8381765484809875,0,[9.98e-01 1.40e-03 6.00e-04],0,[0.9967 0.0014 0.002 ],"{'korea': 'Korea', 'nachos': 'nachos', 'gourmet': 'gourmet', 'enak': 'nice', 'nya': 'his', 'pilihan': 'choice', 'nyaman': 'comfortable'}",2.2174,,,,
43,betul . cebong-cebong pada bodoh semua maka dari itu bisa kalahkan prabowo dan bisa usir itu si anjing rizieq shihab,2,betul pada stupid semua maka dari itu bisa kalahkan prabowo dan bisa usir itu si dog rizieq shihab,0.9499074220657349,2,[0.0011 0.0019 0.997 ],2,[0.0028 0.0039 0.9933],"{'bodoh': 'stupid', 'shihab': 'shihab', 'anjing': 'dog'}",0.8403,,,,
44,mulai bosan nih sama pekerjaan yang sekarang,2,mulai bored nih sama pekerjaan yang sekarang,0.9091573357582092,2,[0.0014 0.0013 0.9973],2,[0.0012 0.0018 0.997 ],{'bosan': 'bored'},0.7097,,,,
45,tidak pernah kapok dan terus berlangganan sama pengiriman jne soal nya cepat sampai nya,0,tidak pernah tired dan terus berlangganan sama pengiriman jne soal nya fast sampai nya,0.9430567026138306,0,[0.9404 0.0491 0.0105],0,[0.9893 0.0044 0.0063],"{'kapok': 'tired', 'cepat': 'fast'}",0.9325,,,,
46,"bagus tempat , bagus harga , bagus rasa . ditambah live musik jadi ingin bawa doi ke sini , sayang waktu itu ngumpul nya sama teman-teman kantor , semoga lain waktu bisa datang lagi ke tjendana bistro .",0,good tempat good price good rasa added live musik jadi ingin bawa doi ke sini sayang waktu itu get together nya sama kantor hopefully lain waktu bisa datang lagi ke tjendana bistro,0.8739582300186157,0,[0.9913 0.0044 0.0043],0,[9.965e-01 2.600e-03 9.000e-04],"{'bistro': 'bistro', 'bagus': 'good', 'semoga': 'hopefully', 'ngumpul': 'get together', 'harga': 'price', 'ditambah': 'added'}",1.5393,,,,
47,makanan yang terkenal di sini adalah kepiting . kami jarang makan di tempat karena terkendala parkir . kita harus parkir di seberang jalan dan jalan nya adalah jalan besar dengan kendaraan yang terus berlalu lalang . karena itu biasanya saya dan keluarga lebih senang untuk pengiriman .,0,food yang famous di sini adalah kepiting kami jarang makan di tempat karena constrained parking kita harus parking di seberang jalan dan jalan his adalah jalan besar dengan kendaraan yang terus berlalu lalang karena itu biasanya saya dan keluarga lebih happy untuk pengiriman,0.9454663395881653,0,[0.9928 0.0017 0.0055],0,[0.9882 0.0022 0.0096],"{'senang': 'happy', 'terkendala': 'constrained', 'makanan': 'food', 'terkenal': 'famous', 'nya': 'his', 'parkir': 'parking'}",1.8228,,,,
48,saya tidak suka ayam . saya lindas ayam itu,2,saya tidak like ayam saya lindas ayam itu,0.9466515779495239,2,[0.0019 0.0069 0.9912],2,[0.0013 0.0034 0.9953],{'suka': 'like'},0.594,,,,
49,sepertinya ingin sekali marah sama indosat ini .,2,sepertinya ingin sekali angry sama indosat ini,0.8623511791229248,2,[8.00e-04 1.20e-03 9.98e-01],0,[0.9001 0.0328 0.067 ],{'marah': 'angry'},0.3161,,,,
50,"nama nya yang membuat saya tergelitik untuk mampir dan makan , kemudian menanyakan kepada staf mereka , kenapa nama nya sapu lidi ? tidak ada yang bisa menjawab dan baru terjawab ketika pemilik nya diwawancara disebuah stasiun televisi . sapu lidi idebtik dengan rakkyat , dengan desa / kampung . tempat ini di desain cukup unik menurut saya seunik pemilik nya juga",0,nama his yang membuat saya tickled untuk stop by dan eat kemudian menanyakan kepada staff mereka kenapa nama his sapu lidi tidak ada yang bisa menjawab dan baru terjawab ketika pemilik his interviewed disebuah station televisi sapu lidi idebtic dengan people dengan desa kampung tempat ini di desain cukup unik menurut saya as unique pemilik his juga,0.8406721353530884,0,[0.9887 0.0076 0.0037],0,[0.9928 0.0026 0.0046],"{'seunik': 'as unique', 'rakkyat': 'people', 'idebtik': 'idebtic', 'diwawancara': 'interviewed', 'tergelitik': 'tickled', 'makan': 'eat', 'nya': 'his', 'mampir': 'stop by', 'stasiun': 'station', 'staf': 'staff'}",5.4706,,,,
51,"kecewa sama barista yang literally menambahkan additional tanpa bilang ada biaya nya . maksud gue , kalau harga akhir produk akan berubah wajar nya dikasih tahu sebelum dia input tidak sih ? apalagi sama new pelanggan",2,disappointed sama barista yang literally menambahkan additional tanpa say ada biaya nya maksud I kalau harga akhir produk akan berubah wajar nya dikasih tahu sebelum dia input tidak sih apalagi sama new customer,0.9537155628204346,2,[0.0013 0.0023 0.9965],2,[0.3337 0.2494 0.4169],"{'kecewa': 'disappointed', 'pelanggan': 'customer', 'barista': 'barista', 'additional': 'additional', 'bilang': 'say', 'input': 'input', 'gue': 'I'}",2.3114,,,,
52,"paling enak makan di restoran nya yang berbentuk saung di samping danau kecil . tapi untuk menggunakan tempat ini perlu reservasi , dan minimal 6 orang buat dining . harga nya relatif mahal , seperti makan restoran di jakarta . kalau kamu cuma mau makan terus pulang , mendingan makan di restoran yang di sebelah atas . tapi kalau memang mau suasana yang lebih berbau tradisional , dicoba saja .",0,paling nice eat di restoran his yang berbentuk saung di samping danau kecil tapi untuk menggunakan tempat ini perlu reservation dan minimal 6 orang buat dining harga his relatively mahal seperti eat restoran di Jakarta kalau kamu cuma mau eat terus go home mendingan eat di restoran yang di adjacent atas tapi kalau memang mau atmosphere yang lebih berbau tradisional dicoba saja,0.9136217832565308,0,[0.9798 0.0067 0.0135],0,[0.9456 0.0056 0.0489],"{'enak': 'nice', 'saung': 'saung', 'dining': 'dining', 'suasana': 'atmosphere', 'pulang': 'go home', 'reservasi': 'reservation', 'relatif': 'relatively', 'sebelah': 'adjacent', 'makan': 'eat', 'nya': 'his', 'jakarta': 'Jakarta'}",3.9379,,,,
53,menyesal x ini . kepiting tidak bersih . gurame bau tanah . mesti banyak perbaharui qualitas makanan aneh,2,sorry x ini crab tidak bersih gurame smell tanah mesti banyak perbaharui qualitas makanan strange,0.6364310383796692,2,[0.0029 0.0031 0.9939],2,[0.0797 0.0455 0.8748],"{'aneh': 'strange', 'menyesal': 'sorry', 'bau': 'smell', 'kepiting': 'crab'}",0.9917,,,,
54,"renyah nya ikan goreng terasa kriuk banget , pas kongkow sama teman . , habis futsal lapor cari-cari tempat makan bareng yang tidak menghabiskan kantong saku .",0,crispy nya ikan goreng terasa kriuk banget pass kongkow sama teman habis futsal lapor tempat makan bareng yang tidak use up pocket pocket,0.8730310201644897,0,[9.97e-01 2.30e-03 7.00e-04],0,[0.9887 0.0027 0.0086],"{'saku': 'pocket', 'renyah': 'crispy', 'menghabiskan': 'use up', 'kantong': 'pocket', 'pas': 'pass', 'kongkow': 'kongkow'}",2.4563,,,,
55,"lokasi nya di dekat jalan braga . gang nya cukup untuk 2 kendaraan lewat . disarankan datang selain jam makan siang , karena makan siang tim penuh dengan pengunjung dan jumlah meja tidak terlalu banyak . mereka juga punya cabang lain di pascal square . bakmi rica terkenal karena pedas nya . ada yamien manis atau yang asin . saya lebih suka dengan mi manis .",0,lokasi nya di dekat jalan braga gang nya cukup untuk 2 kendaraan lewat disarankan datang selain o'clock makan afternoon karena makan afternoon tim penuh dengan pengunjung dan jumlah meja tidak terlalu banyak mereka juga punya cabang lain di pascal square noodle rica famous karena pedas nya ada yamien sweet atau yang asin saya lebih like dengan noodles sweet,0.8752954602241516,0,[0.9974 0.0016 0.0011],0,[0.9966 0.0014 0.002 ],"{'suka': 'like', 'yamien': 'yamien', 'braga': 'braga', 'rica': 'rica', 'manis': 'sweet', 'square': 'square', 'mi': 'noodles', 'terkenal': 'famous', 'bakmi': 'noodle', 'jam': ""o'clock"", 'siang': 'afternoon'}",3.7134,,,,
56,"emak aku kalah lagi , sumut banyak gaya",2,emak aku kalah lagi sumut banyak style,0.8742030262947083,2,[0.0023 0.0011 0.9966],2,[0.0036 0.0018 0.9946],{'gaya': 'style'},0.4967,,,,
57,dia sangat suka memesan ojek via grabbike,0,dia sangat suka memesan ojek via grabbike,1.0,0,[0.9652 0.0334 0.0014],0,[9.435e-01 5.580e-02 7.000e-04],"{'via': 'via', 'grabbike': 'grabbike'}",0.5966,,,,
58,makanan yang bervariasi dengan lokasi yang menyatu dengan alam membuat betah untuk berlama-lama di kampung daun . ditambah saung nya tersedia bantal dan guling yang membuat semakin menjadi nyaman untuk melepas penat kehidupan kota .,0,makanan yang bervariasi dengan lokasi yang menyatu dengan alam membuat feel at home untuk di village leaf ditambah saung his tersedia bantal dan guling yang membuat semakin menjadi comfortable untuk melepas penat kehidupan city,0.8442447185516357,0,[9.978e-01 1.500e-03 7.000e-04],0,[0.9968 0.0021 0.0011],"{'kota': 'city', 'saung': 'saung', 'betah': 'feel at home', 'nyaman': 'comfortable', 'daun': 'leaf', 'nya': 'his', 'kampung': 'village'}",2.187,,,,
59,"mau makan makanan khas belanda ? datang saja ke restauran ini , sop buntut goreng nya juara ! karena ini restoran khas belanda , banyak menu-menu khas belanda tentunya . sop buntut yang memang masakan peranakan dari negeri kincir angin ini menjadi favorit di restaurant ini .",0,mau eat makanan typical belanda datang saja ke restaurant ini sop buntut goreng his champion karena ini restoran typical belanda banyak typical belanda tentunya sop buntut yang memang masakan crossbreed dari negeri kincir wind ini menjadi favorite di restaurant ini,0.864120602607727,0,[9.968e-01 2.300e-03 9.000e-04],0,[0.9976 0.0013 0.0011],"{'restauran': 'restaurant', 'favorit': 'favorite', 'juara': 'champion', 'peranakan': 'crossbreed', 'restaurant': 'restaurant', 'nya': 'his', 'makan': 'eat', 'angin': 'wind', 'khas': 'typical'}",2.2856,,,,
60,anggota fpi bekasi jadi tersangka persekusi dan pengrusakan,1,anggota fpi bekasi jadi suspect persecution dan pengrusakan,0.7373368144035339,1,[0.0012 0.9749 0.0239],1,[0.0011 0.9314 0.0674],"{'persekusi': 'persecution', 'tersangka': 'suspect'}",1.1247,,,,
61,"kecewa banget , kenapa net direkam tidak bisa dapat firstwkan di musim show . ada bener nya juga apa yang diomongin sama knetz kalau net itu tidak sesukses sunbae nya . tolong czennies kita harus lebih kerja keras lagi . gue tidak sanggup melihat net di katakan knets grup gagal nya dengan .",2,disappointed very kenapa net recorded tidak bisa dapat firstwkan di musim show ada bener nya juga apa yang said sama knetz kalau net itu tidak sesukses sunbae nya help czennies kita harus lebih kerja keras lagi gue tidak sanggup melihat net di katakan knets grup gagal nya dengan,0.9664844274520874,2,[0.0035 0.0022 0.9943],2,[0.0952 0.0077 0.8971],"{'kecewa': 'disappointed', 'tolong': 'help', 'banget': 'very', 'diomongin': 'said', 'show': 'show', 'sunbae': 'sunbae', 'firstwkan': 'firstwkan', 'knetz': 'knetz', 'direkam': 'recorded', 'net': 'net'}",1.9006,,,,
62,cape banget kemarin kena macet malang - say dari yang jatah nya 2 jam perjalanan jadi 5 jam,2,tired very kemarin kena macet malang say dari yang ration nya 2 o'clock perjalanan jadi 5 o'clock,0.646137535572052,2,[0.0019 0.0015 0.9966],2,[0.0084 0.0094 0.9822],"{'cape': 'tired', 'banget': 'very', 'jam': ""o'clock"", 'jatah': 'ration'}",1.5901,,,,
63,"penandatanganan perjanjian kredit ini dilakukan antara pt . kai dan sindikasi perbankan yang terdiri atas bank bni , bank bri , pt . smi , bank bca , bank cimb niaga , bank mandiri , bank mega , mufg , keb hana bank , bank dki , shinhan bank , bank sumut .",1,penandatanganan agreement kredit ini dilakukan antara pt kai dan syndicate banking yang terdiri atas bank bni bank bri pt smi bank bca bank cimb niaga bank mandiri bank mega mufg keb hana bank bank dki shinhan bank bank North Sumatra,0.9642499685287476,1,[0.0207 0.9766 0.0027],1,[0.0097 0.9887 0.0016],"{'sindikasi': 'syndicate', 'mufg': 'mufg', 'smi': 'smi', 'shinhan': 'shinhan', 'kai': 'kai', 'bank': 'bank', 'perjanjian': 'agreement', 'bca': 'bca', 'bni': 'bni', 'sumut': 'North Sumatra', 'perbankan': 'banking'}",3.1181,,,,
64,fpi lagi kerja karena ketua nya perlu makan dan ongkos menginap ngekost di arab . lumayanlan bikin provikasi setiap hari dimedia memang pesanan nya begitu dari burung galak dan sapi dan aki-aki naif,2,fpi lagi kerja karena ketua nya perlu makan dan ongkos menginap boarding di Arab lumayanlan bikin provocation setiap hari media memang pesanan nya begitu dari burung fierce dan sapi dan naive,0.916771411895752,2,[0.0599 0.0539 0.8862],0,[0.6951 0.0112 0.2937],"{'naif': 'naive', 'provikasi': 'provocation', 'fpi': 'fpi', 'dimedia': 'media', 'ngekost': 'boarding', 'arab': 'Arab', 'galak': 'fierce'}",3.424,,,,
65,"rasa daging rica yang mantap pedas nya yang membut mi ini semakin enak . pelayanan nya cepat . tapi tempat nya kecil . jadi siap-siap saja mengganti jika sedang jam makan siang . jus nya enak , pangsit goreng nya standar . sejak tahun 1998 saya sudah makan di sini . memang ada penurunan rasa pada mi nya . tapi secara keseluruhan , tempat ini tetap menjadi kunjungan wajib jika berlibur ke bandung .",0,rasa meat rica yang steady pedas his yang membut mi ini semakin nice pelayanan his cepat tapi tempat his kecil jadi saja mengganti jika sedang jam eat afternoon juice his nice dumplings goreng his standar sejak tahun 1998 saya sudah eat di sini memang ada penurunan rasa pada mi his tapi secara keseluruhan tempat ini tetap menjadi kunjungan must jika berlibur ke Bandung,0.7789437770843506,0,[0.9957 0.0017 0.0026],0,[0.9786 0.0024 0.019 ],"{'mantap': 'steady', 'enak': 'nice', 'pangsit': 'dumplings', 'bandung': 'Bandung', 'jus': 'juice', 'rica': 'rica', 'makan': 'eat', 'wajib': 'must', 'nya': 'his', 'daging': 'meat', 'siang': 'afternoon'}",3.7692,,,,
66,tempat yang asik buat santai sama keluarga . kadang enak juga buat pertemuan di sini . pelayanan nya cukup gesit . masakan nya enak . parkir nya juga ada valet nya lho . bikin betah deh melihat kolam ikan koi - nya,0,tempat yang asik buat santai sama keluarga kadang nice juga buat pertemuan di sini pelayanan his cukup agile masakan his nice parkir his juga ada valet his you know make feel at home ok melihat kolam ikan koi his,0.7735462188720703,0,[9.981e-01 1.300e-03 7.000e-04],0,[0.9966 0.002  0.0014],"{'nya': 'his', 'gesit': 'agile', 'valet': 'valet', 'betah': 'feel at home', 'lho': 'you know', 'deh': 'ok', 'bikin': 'make', 'koi': 'koi', 'enak': 'nice'}",3.3274,,,,
67,"bagi anda yang berasal dari jawa tengah , terutama solo dan yogya , mungkin akan cocok dengan rasa makanan yang disajikan di warung sunda ini . karena rasa makanan di warung mak une yang di depan taman pramuka , jalan riau , cenderung manis , layaknya makanan khas jawa solo dan yogya . bahkan sayur asam yang saya pesan pun , juga terasa manis . padahal , seharusnya sayur asam .",2,"bagi anda yang berasal dari jawa tengah , terutama solo dan yogya , mungkin akan cocok dengan rasa makanan yang disajikan di warung sunda ini . karena rasa makanan di warung mak une yang di depan taman pramuka , jalan riau , cenderung manis , layaknya makanan khas jawa solo dan yogya . bahkan sayur asam yang saya pesan pun , juga terasa manis . padahal , seharusnya sayur asam .",1.0,0,[0.9578 0.0107 0.0315],0,[0.9578 0.0107 0.0315],,0.01,,,,
68,"ayam goreng nya nikmat , bumbu nya meresap sampai ke tulang . ayam bakar nya juga enak , walaupun saya lebih suka ayam goreng nya . disediakan sambal gratis sebagai teman makan ayam . menu lain yang patut dicoba : pepes jamur dan karedok .",0,ayam goreng his enjoyment bumbu his meresap sampai ke tulang ayam bakar his juga nice walaupun saya lebih like ayam goreng his disediakan sambal free sebagai friend eat ayam menu lain yang deserve try Pepes jamur dan karedok,0.8124229907989502,0,[0.9964 0.0026 0.001 ],0,[0.994  0.0044 0.0015],"{'karedok': 'karedok', 'nya': 'his', 'nikmat': 'enjoyment', 'pepes': 'Pepes', 'enak': 'nice', 'suka': 'like', 'patut': 'deserve', 'teman': 'friend', 'dicoba': 'try', 'gratis': 'free', 'makan': 'eat'}",2.2454,,,,
69,"batagor riri salah satu tempat yang banyak dicari dibandung , karena memang sudah berdiri sudah lama . berada di jalan burangrang , apabila berjalan dari jalan gatot subroto menuju jalan asia afrika , sebelum simpang 5 menara cimb niaga belok kiri , dari situ sekitar 200 m sebelah kiri sebelum perempatan pertama . tempat nya tidak pernah pindah-pindah , dan menenpati warung yang tidak terlalu besar , . lanjutan",0,batagor riri salah satu tempat yang banyak dicari in Bandung karena memang sudah berdiri sudah lama berada di Street burrangrang apabila berjalan dari Street gatot subroto menuju Street asia afrika sebelum intersection 5 tower cimb niaga belok kiri dari situ sekitar 200 m sebelah kiri sebelum crossroads pertama tempat his tidak pernah dan menenpati warung yang tidak terlalu besar lanjutan,0.9191903471946716,0,[0.9897 0.0054 0.0049],0,[0.9891 0.0037 0.0072],"{'riri': 'riri', 'batagor': 'batagor', 'nya': 'his', 'burangrang': 'burrangrang', 'perempatan': 'crossroads', 'dibandung': 'in Bandung', 'simpang': 'intersection', 'menara': 'tower', 'cimb': 'cimb', 'jalan': 'Street', 'gatot': 'gatot'}",3.246,,,,
70,"terus jatuh cinta pas lihat rm di mv not today . rambut ungu nya aku suka banget . terus melihat poto dia waktu konsep apa ya , aku sampai sekarang tidak tahu . di poto itu dimole nya bagus banget . jadi tambah suka .",0,terus jatuh cinta pas lihat rm di mv not today rambut purple nya aku like very terus melihat poto dia waktu konsep apa ya aku sampai sekarang tidak tahu di poto itu dimole nya good very jadi tambah like,0.9171927571296692,0,[0.9973 0.0015 0.0012],0,[0.9929 0.0029 0.0042],"{'suka': 'like', 'dimole': 'dimole', 'rm': 'rm', 'banget': 'very', 'bagus': 'good', 'ungu': 'purple'}",2.7433,,,,
71,"warung bakso modern yang kekinian tapi harga nya sangat bersahabat . rasa bakso nya pun enak . cocok buat segala cuaca . pesan semangkok tetelan tambahan , tapi isi nya ternyata banyakan daging nya daripada tetelan nya : d alhamdulillah .",0,roadside stall meatball modern yang kekinian tapi harga his sangat friendly rasa meatball his pun nice cocok buat segala cuaca pesan a bowl drop tambahan tapi isi his ternyata a lot daging his daripada drop his d Alhamdulillah,0.5620713233947754,0,[0.9963 0.0019 0.0019],0,[0.9949 0.0017 0.0035],"{'enak': 'nice', 'banyakan': 'a lot', 'bersahabat': 'friendly', 'alhamdulillah': 'Alhamdulillah', 'semangkok': 'a bowl', 'tetelan': 'drop', 'warung': 'roadside stall', 'nya': 'his', 'bakso': 'meatball'}",2.8744,,,,
72,sangat memuaskan meskipun perjalanan yang panjang karena macet di tahun baru . namun sampai sana kami sangat menikmati nya dan mendapatkan banyak foto-foto bagus . makanan juga cukup memuaskan meski harga nya agak tinggi . namun sepadan dengan pemandangan dan kenyamanan yang diberikan,0,sangat memuaskan meskipun journey yang panjang karena congested di tahun baru namun sampai sana kami sangat enjoy nya dan mendapatkan banyak bagus food juga cukup memuaskan meski harga nya agak tinggi namun sepadan dengan scenery dan kenyamanan yang diberikan,0.9326798319816589,0,[0.9972 0.001  0.0018],0,[0.9957 0.0012 0.0031],"{'pemandangan': 'scenery', 'macet': 'congested', 'perjalanan': 'journey', 'menikmati': 'enjoy', 'makanan': 'food'}",1.6911,,,,
73,"saya mampir untuk membeli coklat untuk oleh-oleh . bangunan nya artistik , dengan kaca yang lebar di sisi depan nya . lingkungan nya juga nyaman , cocok untuk tempat kumpul kelompok kecil dengan teman-teman . untuk jenis coklat yang dijual cukup banyak variasi nya , tapi rasanya biasa saja , tipikal coklat kebanyakan .",0,"saya mampir untuk membeli coklat untuk oleh-oleh . bangunan nya artistik , dengan kaca yang lebar di sisi depan nya . lingkungan nya juga nyaman , cocok untuk tempat kumpul kelompok kecil dengan teman-teman . untuk jenis coklat yang dijual cukup banyak variasi nya , tapi rasanya biasa saja , tipikal coklat kebanyakan .",1.0,2,[0.3269 0.0041 0.669 ],2,[0.3269 0.0041 0.669 ],,0.01,,,,
74,enak jamang say . di medsos bebas merdeka . di dunia nyata daya beli masyarakat bagus . ballotboxwithcheck sby amp ; agus ahy greenheart purpleheart blueheart,0,nice jamang say di medsos bebas merdeka di world nyata power buy masyarakat good ballotboxwithcheck sby amp agus ahy green heart purpleheart blue heart,0.6175033450126648,0,[0.9946 0.0035 0.002 ],0,[0.7302 0.2531 0.0167],"{'enak': 'nice', 'bagus': 'good', 'daya': 'power', 'beli': 'buy', 'purpleheart': 'purpleheart', 'blueheart': 'blue heart', 'greenheart': 'green heart', 'dunia': 'world'}",3.2516,,,,
75,"kita makan di sini karena terjebak macet dan sudah waktu nya makan malam jadi mampir sekalian nyobain , untuk rasa dan harga cukup oke .",0,kita makan di sini karena terjebak congested dan sudah waktu nya makan malam jadi mampir sekalian try it untuk rasa dan price cukup okay,0.9328100681304932,0,[0.9975 0.0012 0.0012],0,[0.9534 0.0076 0.039 ],"{'oke': 'okay', 'nyobain': 'try it', 'harga': 'price', 'macet': 'congested'}",1.1934,,,,
76,saya datang sore hari dengan teman-teman . lokasi nya sangat nyaman untuk tempat berkumpul . desain bangunan nya sangat menarik . terdapat area duduk dibagian dalam dan luar . saya memilih duduk di area luar untuk bisa menikmati suasana bandung yang sejuk . sore itu saya memilih chocolate cool . rasanya sangat enak .,0,saya datang sore hari dengan location nya sangat nyaman untuk tempat berkumpul desain bangunan nya sangat menarik terdapat area sit dibagian dalam dan luar saya choose sit di area luar untuk bisa enjoy suasana Bandung yang sejuk sore itu saya choose chocolate cool rasanya sangat nice,0.9418131113052368,0,[9.981e-01 9.000e-04 1.000e-03],0,[0.9971 0.001  0.0019],"{'enak': 'nice', 'chocolate': 'chocolate', 'bandung': 'Bandung', 'menikmati': 'enjoy', 'lokasi': 'location', 'area': 'area', 'duduk': 'sit', 'memilih': 'choose'}",2.2879,,,,
77,kenapa indomie warkop itu enak .,0,kenapa indomie warkop itu enak,1.0,0,[0.9819 0.0146 0.0035],0,[9.913e-01 7.900e-03 7.000e-04],{'warkop': 'warkop'},0.7806,,,,
78,"wisata kuliner anda ke bandung akan lengkap dengan mengunjungi outlet ini . masih dengan bangunan gaya lama , pelayanan bak pasar tradisional . tapi semua terbayar dengan mi yang yummy . buat yang porsi makan nya kecil bisa pesan 1 porsi buat berdua",0,wisata kuliner anda ke Bandung akan complete dengan mengunjungi outlet ini masih dengan bangunan gaya lama pelayanan bak pasar tradisional tapi semua paid off dengan mi yang yummy buat yang portion makan nya kecil bisa message 1 portion buat together,0.9303361177444458,0,[0.9874 0.0111 0.0015],0,[0.9955 0.002  0.0025],"{'yummy': 'yummy', 'berdua': 'together', 'terbayar': 'paid off', 'bandung': 'Bandung', 'outlet': 'outlet', 'lengkap': 'complete', 'porsi': 'portion', 'pesan': 'message'}",2.9046,,,,
79,"tidak rekomendasi deh beli barang di koreabuys , sudah barang nya tidak lengkap , lama pula dikirim nya , kol , malas beli di situ lagi huufft emosi",2,tidak recommendation deh buy goods di koreabuys sudah goods nya tidak lengkap lama pula sent nya cabbage malas buy di situ lagi huufft emotion,0.7771175503730774,2,[0.0022 0.0011 0.9967],2,[0.0034 0.0016 0.995 ],"{'emosi': 'emotion', 'rekomendasi': 'recommendation', 'dikirim': 'sent', 'beli': 'buy', 'barang': 'goods', 'kol': 'cabbage'}",1.4522,,,,
80,ditangan pak jokowi semua pasti berjalan baik dan memuaskan . karena semua dijalankan dngan hati yang mulia dan ikhlas .,0,ditangan pak jokowi semua pasti berjalan baik dan satisfying karena semua run dngan hati yang mulia dan ikhlas,0.9630005359649658,0,[0.9634 0.0346 0.002 ],0,[0.9863 0.0122 0.0015],"{'jokowi': 'jokowi', 'memuaskan': 'satisfying', 'dijalankan': 'run'}",1.9018,,,,
81,saya tidak menduga bisa bernostalgia makan bakso malang di bandung . rasanya biasa namun banyak sekali pilihan bakso nya . cocok bagi penggemar bakso,0,saya tidak menduga bisa bernostalgia makan meatball poor di bandung rasanya biasa namun banyak sekali pilihan meatball his suitable bagi penggemar meatball,0.637471079826355,0,[0.9917 0.0063 0.002 ],0,[9.924e-01 6.900e-03 7.000e-04],"{'nya': 'his', 'bakso': 'meatball', 'cocok': 'suitable', 'malang': 'poor'}",1.2397,,,,
82,"tempat nya bagus banget , selain sausage nya yang enak tempat main anak nya pun bagus , ada tren rumah nya yang tentunya anak-anak alan suka , ada mini playing fox dan tentunya semua permainan yang disediakan ini gratis , jadi tak perlu khawatir ke sini membawa anak . harga lumayanlah ya setimpal",0,tempat nya bagus banget selain ğŸ˜Š nya yang nice tempat main child nya pun bagus ada trend rumah nya yang tentunya alan suka ada mini playing fox dan tentunya semua permainan yang provided ini gratis jadi tak perlu worried ke sini membawa child harga it's okay yes worth it,0.9333623647689819,0,[9.98e-01 1.10e-03 8.00e-04],0,[0.9965 0.0011 0.0023],"{'setimpal': 'worth it', 'sausage': 'ğŸ˜Š', 'khawatir': 'worried', 'playing': 'playing', 'lumayanlah': ""it's okay"", 'ya': 'yes', 'enak': 'nice', 'tren': 'trend', 'disediakan': 'provided', 'mini': 'mini', 'anak': 'child'}",3.9852,,,,
83,ini adalaha salah satu tempat makan yang wajib kami ku njungi setiap kali berlibur ke bandung . restourant ini menyediakan makanan barat . menu favorit saya adalah tenderloin steak . daging nya sangat empuk dan terasa melt in kamu mouth . di sana kita juga bisa menikmati kue dan pasar khas jerman yang sangat enak,0,ini isa salah satu tempat makan yang must kami ku visit setiap kali berlibur ke Bandung restaurant ini menyediakan makanan barat menu favorit saya adalah tenderloin steak daging nya sangat empuk dan terasa melt in kamu mouth di sana kita juga bisa menikmati cake dan market khas jerman yang sangat nice,0.9572427272796631,0,[9.967e-01 2.400e-03 9.000e-04],0,[0.9972 0.001  0.0018],"{'enak': 'nice', 'adalaha': 'isa', 'restourant': 'restaurant', 'njungi': 'visit', 'mouth': 'mouth', 'melt': 'melt', 'bandung': 'Bandung', 'pasar': 'market', 'tenderloin': 'tenderloin', 'kue': 'cake', 'wajib': 'must'}",3.6121,,,,
84,"untuk kampung daun , tempat unik dan enak buat santai , tapi untuk makanan dan kebersihan sepertinya kurang . karena banyak sarang laba-laba , lalu kucing di mana . __sad__ saya takut kucing . jadi makan juga kurang nyaman .",0,untuk village leaf tempat unik dan nice buat santai tapi untuk makanan dan cleanliness sepertinya kurang karena banyak nest lalu kucing di mana saya takut kucing jadi makan juga kurang nyaman,0.932735800743103,0,[0.4985 0.0041 0.4974],2,[0.447  0.0042 0.5488],"{'sarang': 'nest', 'kampung': 'village', 'enak': 'nice', 'daun': 'leaf', 'kebersihan': 'cleanliness'}",1.6313,,,,
85,axe twist bau nya kayak sampah,2,axe twist bau his kayak rubbish,0.7584539651870728,2,[0.0019 0.0031 0.9951],2,[0.0014 0.0051 0.9934],"{'sampah': 'rubbish', 'nya': 'his'}",0.6823,,,,
86,para miko dilatih menyambut pengunjung kuil di jepang,1,para miko trained menyambut pengunjung kuil di jepang,0.7899720668792725,1,[0.0084 0.9886 0.003 ],1,[0.0141 0.9849 0.001 ],"{'dilatih': 'trained', 'miko': 'miko'}",0.8805,,,,
87,grab tidak cuma memberi kenyamanan dalam layanan nya tetapi juga penghargaan yang beragam bagi pengguna baru maupun pengguna yang sudah loyal . tidak menyesal deh pakai grab,0,grab it tidak cuma memberi kenyamanan dalam layanan nya tetapi juga penghargaan yang beragam bagi pengguna baru maupun pengguna yang sudah loyal tidak sorry ok use grab it,0.9496829509735107,0,[0.996  0.0028 0.0012],0,[0.9646 0.0318 0.0036],"{'deh': 'ok', 'grab': 'grab it', 'menyesal': 'sorry', 'pakai': 'use'}",1.7192,,,,
88,prediksi togel hongkong untuk hari rabu 10 januari 2018 babak awal pertarungan 09.00 wib korsel menteri susi cinta,1,prediksi lottery hongkong untuk hari lung 10 January 2018 babak awal pertarungan pm carousel menteri susi cinta,0.7273348569869995,1,[3.400e-03 9.959e-01 7.000e-04],1,[8.800e-03 9.905e-01 6.000e-04],"{'wib': 'pm', 'korsel': 'carousel', 'togel': 'lottery', 'rabu': 'lung', 'januari': 'January'}",1.6978,,,,
89,sumpah tidak rekomendasi sekali rumah sakit ini . percuma dokter bagus tetapi pelayanan sampah,2,oath tidak rekomendasi sekali rumah sakit ini percuma dokter bagus tetapi service rubbish,0.8067650198936462,2,[1.10e-03 9.00e-04 9.98e-01],2,[0.0046 0.0064 0.989 ],"{'sampah': 'rubbish', 'sumpah': 'oath', 'pelayanan': 'service'}",0.9447,,,,
90,tempat makan dengan lokasi strategis dan parkiran yang luas . cocok untuk menjadi pertemuan poin . pofertjes - nya cukup enak . ayam kremes - nya juga cukup enak .,0,tempat eat dengan location strategis dan parking area yang luas cocok untuk menjadi pertemuan poin pofertjes nya cukup nice ayam cream nya juga cukup nice,0.8512508869171143,0,[9.976e-01 1.500e-03 9.000e-04],0,[0.9969 0.001  0.0021],"{'enak': 'nice', 'pofertjes': 'pofertjes', 'kremes': 'cream', 'makan': 'eat', 'lokasi': 'location', 'parkiran': 'parking area'}",3.1639,,,,
91,"di hari kemerdekaan indonesia ke-72 , gue akan merayakan nya dengan menginjak foto jokowi . gue berharap di waktu yang akan datang bisa menginjak kepala jokowi sampai pecah , biar perlu otak nya juga berserakan di tanah",2,"di hari kemerdekaan indonesia ke-72 , gue akan merayakan nya dengan menginjak foto jokowi . gue berharap di waktu yang akan datang bisa menginjak kepala jokowi sampai pecah , biar perlu otak nya juga berserakan di tanah",1.0,0,[0.6177 0.0308 0.3515],0,[0.6177 0.0308 0.3515],,0.01,,,,
92,"daging tenderloin nya sangat enak , orange juice dengan keasaman yang pas , terima kasih suis butcher ! tapi interior nya gelap dan meragukan , dan chicken maryland overcooked , sehingga kurang pas , tapi secara keseluruhan baik , saya suka it !",0,daging tenderloin nya sangat nice orange juice dengan keasaman yang fit terima kasih suis Butcher tapi interior nya gelap dan meragukan dan chicken maryland overcooked sehingga kurang fit tapi secara keseluruhan baik saya like it,0.934120774269104,0,[0.9968 0.0013 0.0018],0,[0.9831 0.0021 0.0148],"{'suka': 'like', 'enak': 'nice', 'it': 'it', 'overcooked': 'overcooked', 'maryland': 'maryland', 'tenderloin': 'tenderloin', 'pas': 'fit', 'butcher': 'Butcher'}",2.3633,,,,
93,"kampung daun terletak tidak jauh dari jendela alam dan kampung gajah . tempat nya mudah dicari . kami memilih tempat duduk lesehan dan dapat tempat di atas sehingga harus jalan lumayan jauh ke atas . tempat nya nyaman sehingga membuat betah untuk mengobrol bersama lama . makanan nya pun enak enak dan banyak macam nya . harga nya juga tidak terlalu mahal , standartlah .",0,village daun located tidak jauh dari jendela alam dan village gajah tempat his easy dicari kami memilih tempat sit lesehan dan dapat tempat di atas sehingga harus Street lumayan jauh ke atas tempat his nyaman sehingga membuat feel at home untuk mengobrol bersama lama makanan his pun nice nice dan banyak macam his harga his juga tidak terlalu mahal standard,0.8153619766235352,0,[9.981e-01 1.000e-03 9.000e-04],0,[0.9969 0.0014 0.0017],"{'lesehan': 'lesehan', 'enak': 'nice', 'betah': 'feel at home', 'nya': 'his', 'terletak': 'located', 'kampung': 'village', 'jalan': 'Street', 'mudah': 'easy', 'standartlah': 'standard', 'duduk': 'sit'}",3.3472,,,,
94,"selalu jadi pengalaman yang menarik kalau lagi berkunjung ke sini , mesti dicoba dawegan sangkuriang nya . juara .",0,selalu jadi pengalaman yang menarik kalau lagi berkunjung ke sini mesti dicoba dawegan sangkuriang his champion,0.8992806077003479,0,[9.972e-01 2.100e-03 7.000e-04],0,[9.949e-01 4.400e-03 6.000e-04],"{'juara': 'champion', 'nya': 'his', 'sangkuriang': 'sangkuriang'}",0.9685,,,,
95,"dilihat dari luar seperti tempat yang sempit , tapi ketika masuk ke dalam ruangan kafe ini terasa luas dan tempat yang nyaman untuk berkumpul bersama teman , keluarga dan rekan bisnis , lokasi sangat dekat dengan pusat perbelanjaan .",0,dilihat dari luar seperti tempat yang sempit tapi ketika masuk ke dalam ruangan cafÃ© ini terasa luas dan tempat yang comfortable untuk berkumpul bersama teman keluarga dan rekan business lokasi sangat dekat dengan center shopping,0.9451841711997986,0,[0.9974 0.0015 0.0011],0,[0.9972 0.0015 0.0013],"{'perbelanjaan': 'shopping', 'bisnis': 'business', 'pusat': 'center', 'nyaman': 'comfortable', 'kafe': 'cafÃ©'}",1.3607,,,,
96,"bukan cuma jujur , edgar itu banyak dicintai masyarakat dan punya pendirian bagus .",0,bukan cuma jujur edgar itu banyak loved masyarakat dan punya pendirian good,0.9273009300231934,0,[0.9907 0.0066 0.0027],0,[0.9886 0.0066 0.0047],"{'bagus': 'good', 'dicintai': 'loved'}",0.6011,,,,
97,"pvj adalah salah satu mal tinggi - end dengan penyewa yang cukup lengkap dan beragam . saya cukup puas jika berkunjung ke sini karena cukup banyak pilihan nya . mungkin akan lebih bagus jika ada food court . mal ini menurut saya jelek operasional nya , contoh nya , tempat parkir yang sering berubah-ubah , kadang maintenance nya jelek sehingga terlihat kumuh .",0,"pvj adalah salah satu mal tinggi - end dengan penyewa yang cukup lengkap dan beragam . saya cukup puas jika berkunjung ke sini karena cukup banyak pilihan nya . mungkin akan lebih bagus jika ada food court . mal ini menurut saya jelek operasional nya , contoh nya , tempat parkir yang sering berubah-ubah , kadang maintenance nya jelek sehingga terlihat kumuh .",1.0,2,[0.1476 0.0027 0.8497],2,[0.1476 0.0027 0.8497],,0.01,,,,
98,"orang yamg paling sulit dinasehati , kayak nya orang yang sedang jatuh cinta .",2,people yamg paling difficult advised kayak nya people yang sedang jatuh cinta,0.7294970750808716,2,[0.0888 0.2117 0.6995],0,[0.8989 0.085  0.016 ],"{'sulit': 'difficult', 'dinasehati': 'advised', 'orang': 'people'}",1.2274,,,,
99,"nomer saya sering terima sms dari nomer 99359 , lalu pulsa nya terpotong terus kampret !",2,"nomer saya sering terima sms dari nomer 99359 , lalu pulsa nya terpotong terus kampret !",1.0,1,[0.0035 0.8017 0.1948],1,[0.0035 0.8017 0.1948],,0.01,,,,
